[
 {
  "title":"Good Food Place",
  "category":"Restaurant",
  "latitude":37.775,
  "longitude":-122.429,
  "meta-data":"<p>Lorem ipsum dolor sit amet, consectetur adipiscing elit. ALIO MODO. At ille non pertimuit saneque fidenter: Istis quidem ipsis verbis, inquit; Quod quidem nobis non saepe contingit. Res enim se praeclare habebat, et quidem in utraque parte. Quia nec honesto quic quam honestius nec turpi turpius. </p>

<p>Ita ne hoc quidem modo paria peccata sunt. Quod autem principium officii quaerunt, melius quam Pyrrho; Qui convenit? Itaque ab his ordiamur. At iam decimum annum in spelunca iacet. Sed eum qui audiebant, quoad poterant, defendebant sententiam suam. Polycratem Samium felicem appellabant. Deprehensus omnem poenam contemnet. Piso igitur hoc modo, vir optimus tuique, ut scis, amantissimus. Quorum altera prosunt, nocent altera. Qualem igitur hominem natura inchoavit? </p>

<p>Vide ne ista sint Manliana vestra aut maiora etiam, si imperes quod facere non possim. Idemne potest esse dies saepius, qui semel fuit? Haec dicuntur fortasse ieiunius; Duo Reges: constructio interrete. Ne amores quidem sanctos a sapiente alienos esse arbitrantur. Summum ením bonum exposuit vacuitatem doloris; Si enim ad populum me vocas, eum. Summum a vobis bonum voluptas dicitur. Sunt enim prima elementa naturae, quibus auctis vírtutis quasi germen efficitur. Nunc ita separantur, ut disiuncta sint, quo nihil potest esse perversius. </p>

<p>Traditur, inquit, ab Epicuro ratio neglegendi doloris. Quae fere omnia appellantur uno ingenii nomine, easque virtutes qui habent, ingeniosi vocantur. Naturales divitias dixit parabiles esse, quod parvo esset natura contenta. Quid autem habent admirationis, cum prope accesseris? Non est ista, inquam, Piso, magna dissensio. Deinde prima illa, quae in congressu solemus: Quid tu, inquit, huc? Ita fit cum gravior, tum etiam splendidior oratio. Sed quoniam et advesperascit et mihi ad villam revertendum est, nunc quidem hactenus; Ut in geometria, prima si dederis, danda sunt omnia. Post enim Chrysippum eum non sane est disputatum. </p>

<p>Mene ergo et Triarium dignos existimas, apud quos turpiter loquare? Cur, nisi quod turpis oratio est? Portenta haec esse dicit, neque ea ratione ullo modo posse vivi; Teneo, inquit, finem illi videri nihil dolere. De vacuitate doloris eadem sententia erit. Cum ageremus, inquit, vitae beatum et eundem supremum diem, scribebamus haec. Sed fac ista esse non inportuna; Claudii libidini, qui tum erat summo ne imperio, dederetur. Nam quibus rebus efficiuntur voluptates, eae non sunt in potestate sapientis. </p>

"
 },
 {
 "title":"Steakhouse",
 "category":"Restaurant",
 "latitude":37.793266,
 "longitude":-122.39233,
 "meta-data":"<p>Lorem ipsum dolor sit amet, consectetur adipiscing elit. ALIO MODO. At ille non pertimuit saneque fidenter: Istis quidem ipsis verbis, inquit; Quod quidem nobis non saepe contingit. Res enim se praeclare habebat, et quidem in utraque parte. Quia nec honesto quic quam honestius nec turpi turpius. </p>

<p>Ita ne hoc quidem modo paria peccata sunt. Quod autem principium officii quaerunt, melius quam Pyrrho; Qui convenit? Itaque ab his ordiamur. At iam decimum annum in spelunca iacet. Sed eum qui audiebant, quoad poterant, defendebant sententiam suam. Polycratem Samium felicem appellabant. Deprehensus omnem poenam contemnet. Piso igitur hoc modo, vir optimus tuique, ut scis, amantissimus. Quorum altera prosunt, nocent altera. Qualem igitur hominem natura inchoavit? </p>

<p>Vide ne ista sint Manliana vestra aut maiora etiam, si imperes quod facere non possim. Idemne potest esse dies saepius, qui semel fuit? Haec dicuntur fortasse ieiunius; Duo Reges: constructio interrete. Ne amores quidem sanctos a sapiente alienos esse arbitrantur. Summum ením bonum exposuit vacuitatem doloris; Si enim ad populum me vocas, eum. Summum a vobis bonum voluptas dicitur. Sunt enim prima elementa naturae, quibus auctis vírtutis quasi germen efficitur. Nunc ita separantur, ut disiuncta sint, quo nihil potest esse perversius. </p>

<p>Traditur, inquit, ab Epicuro ratio neglegendi doloris. Quae fere omnia appellantur uno ingenii nomine, easque virtutes qui habent, ingeniosi vocantur. Naturales divitias dixit parabiles esse, quod parvo esset natura contenta. Quid autem habent admirationis, cum prope accesseris? Non est ista, inquam, Piso, magna dissensio. Deinde prima illa, quae in congressu solemus: Quid tu, inquit, huc? Ita fit cum gravior, tum etiam splendidior oratio. Sed quoniam et advesperascit et mihi ad villam revertendum est, nunc quidem hactenus; Ut in geometria, prima si dederis, danda sunt omnia. Post enim Chrysippum eum non sane est disputatum. </p>

<p>Mene ergo et Triarium dignos existimas, apud quos turpiter loquare? Cur, nisi quod turpis oratio est? Portenta haec esse dicit, neque ea ratione ullo modo posse vivi; Teneo, inquit, finem illi videri nihil dolere. De vacuitate doloris eadem sententia erit. Cum ageremus, inquit, vitae beatum et eundem supremum diem, scribebamus haec. Sed fac ista esse non inportuna; Claudii libidini, qui tum erat summo ne imperio, dederetur. Nam quibus rebus efficiuntur voluptates, eae non sunt in potestate sapientis. </p>

"
 },
 {
 "title":"Costco",
 "category":"Store",
 "latitude":37.778854,
 "longitude":-122.424146,
 "meta-data":"<p>Lorem ipsum dolor sit amet, consectetur adipiscing elit. ALIO MODO. At ille non pertimuit saneque fidenter: Istis quidem ipsis verbis, inquit; Quod quidem nobis non saepe contingit. Res enim se praeclare habebat, et quidem in utraque parte. Quia nec honesto quic quam honestius nec turpi turpius. </p>

<p>Ita ne hoc quidem modo paria peccata sunt. Quod autem principium officii quaerunt, melius quam Pyrrho; Qui convenit? Itaque ab his ordiamur. At iam decimum annum in spelunca iacet. Sed eum qui audiebant, quoad poterant, defendebant sententiam suam. Polycratem Samium felicem appellabant. Deprehensus omnem poenam contemnet. Piso igitur hoc modo, vir optimus tuique, ut scis, amantissimus. Quorum altera prosunt, nocent altera. Qualem igitur hominem natura inchoavit? </p>

<p>Vide ne ista sint Manliana vestra aut maiora etiam, si imperes quod facere non possim. Idemne potest esse dies saepius, qui semel fuit? Haec dicuntur fortasse ieiunius; Duo Reges: constructio interrete. Ne amores quidem sanctos a sapiente alienos esse arbitrantur. Summum ením bonum exposuit vacuitatem doloris; Si enim ad populum me vocas, eum. Summum a vobis bonum voluptas dicitur. Sunt enim prima elementa naturae, quibus auctis vírtutis quasi germen efficitur. Nunc ita separantur, ut disiuncta sint, quo nihil potest esse perversius. </p>

<p>Traditur, inquit, ab Epicuro ratio neglegendi doloris. Quae fere omnia appellantur uno ingenii nomine, easque virtutes qui habent, ingeniosi vocantur. Naturales divitias dixit parabiles esse, quod parvo esset natura contenta. Quid autem habent admirationis, cum prope accesseris? Non est ista, inquam, Piso, magna dissensio. Deinde prima illa, quae in congressu solemus: Quid tu, inquit, huc? Ita fit cum gravior, tum etiam splendidior oratio. Sed quoniam et advesperascit et mihi ad villam revertendum est, nunc quidem hactenus; Ut in geometria, prima si dederis, danda sunt omnia. Post enim Chrysippum eum non sane est disputatum. </p>

<p>Mene ergo et Triarium dignos existimas, apud quos turpiter loquare? Cur, nisi quod turpis oratio est? Portenta haec esse dicit, neque ea ratione ullo modo posse vivi; Teneo, inquit, finem illi videri nihil dolere. De vacuitate doloris eadem sententia erit. Cum ageremus, inquit, vitae beatum et eundem supremum diem, scribebamus haec. Sed fac ista esse non inportuna; Claudii libidini, qui tum erat summo ne imperio, dederetur. Nam quibus rebus efficiuntur voluptates, eae non sunt in potestate sapientis. </p>

"
 },
 {
 "title":"Golden Gate Bridge",
 "category":"Landmark",
 "latitude":37.818154,
 "longitude":-122.47859,
 "meta-data":"<p>Lorem ipsum dolor sit amet, consectetur adipiscing elit. ALIO MODO. At ille non pertimuit saneque fidenter: Istis quidem ipsis verbis, inquit; Quod quidem nobis non saepe contingit. Res enim se praeclare habebat, et quidem in utraque parte. Quia nec honesto quic quam honestius nec turpi turpius. </p>

<p>Ita ne hoc quidem modo paria peccata sunt. Quod autem principium officii quaerunt, melius quam Pyrrho; Qui convenit? Itaque ab his ordiamur. At iam decimum annum in spelunca iacet. Sed eum qui audiebant, quoad poterant, defendebant sententiam suam. Polycratem Samium felicem appellabant. Deprehensus omnem poenam contemnet. Piso igitur hoc modo, vir optimus tuique, ut scis, amantissimus. Quorum altera prosunt, nocent altera. Qualem igitur hominem natura inchoavit? </p>

<p>Vide ne ista sint Manliana vestra aut maiora etiam, si imperes quod facere non possim. Idemne potest esse dies saepius, qui semel fuit? Haec dicuntur fortasse ieiunius; Duo Reges: constructio interrete. Ne amores quidem sanctos a sapiente alienos esse arbitrantur. Summum ením bonum exposuit vacuitatem doloris; Si enim ad populum me vocas, eum. Summum a vobis bonum voluptas dicitur. Sunt enim prima elementa naturae, quibus auctis vírtutis quasi germen efficitur. Nunc ita separantur, ut disiuncta sint, quo nihil potest esse perversius. </p>

<p>Traditur, inquit, ab Epicuro ratio neglegendi doloris. Quae fere omnia appellantur uno ingenii nomine, easque virtutes qui habent, ingeniosi vocantur. Naturales divitias dixit parabiles esse, quod parvo esset natura contenta. Quid autem habent admirationis, cum prope accesseris? Non est ista, inquam, Piso, magna dissensio. Deinde prima illa, quae in congressu solemus: Quid tu, inquit, huc? Ita fit cum gravior, tum etiam splendidior oratio. Sed quoniam et advesperascit et mihi ad villam revertendum est, nunc quidem hactenus; Ut in geometria, prima si dederis, danda sunt omnia. Post enim Chrysippum eum non sane est disputatum. </p>

<p>Mene ergo et Triarium dignos existimas, apud quos turpiter loquare? Cur, nisi quod turpis oratio est? Portenta haec esse dicit, neque ea ratione ullo modo posse vivi; Teneo, inquit, finem illi videri nihil dolere. De vacuitate doloris eadem sententia erit. Cum ageremus, inquit, vitae beatum et eundem supremum diem, scribebamus haec. Sed fac ista esse non inportuna; Claudii libidini, qui tum erat summo ne imperio, dederetur. Nam quibus rebus efficiuntur voluptates, eae non sunt in potestate sapientis. </p>

"
 },
 {
  "title":"test1",
  "category":"category",
  "latitude":38.775,
  "longitude":-122.429,
  "meta-data":"<p>Lorem ipsum dolor sit amet, consectetur adipiscing elit. ALIO MODO. At ille non pertimuit saneque fidenter: Istis quidem ipsis verbis, inquit; Quod quidem nobis non saepe contingit. Res enim se praeclare habebat, et quidem in utraque parte. Quia nec honesto quic quam honestius nec turpi turpius. </p>

<p>Ita ne hoc quidem modo paria peccata sunt. Quod autem principium officii quaerunt, melius quam Pyrrho; Qui convenit? Itaque ab his ordiamur. At iam decimum annum in spelunca iacet. Sed eum qui audiebant, quoad poterant, defendebant sententiam suam. Polycratem Samium felicem appellabant. Deprehensus omnem poenam contemnet. Piso igitur hoc modo, vir optimus tuique, ut scis, amantissimus. Quorum altera prosunt, nocent altera. Qualem igitur hominem natura inchoavit? </p>

<p>Vide ne ista sint Manliana vestra aut maiora etiam, si imperes quod facere non possim. Idemne potest esse dies saepius, qui semel fuit? Haec dicuntur fortasse ieiunius; Duo Reges: constructio interrete. Ne amores quidem sanctos a sapiente alienos esse arbitrantur. Summum ením bonum exposuit vacuitatem doloris; Si enim ad populum me vocas, eum. Summum a vobis bonum voluptas dicitur. Sunt enim prima elementa naturae, quibus auctis vírtutis quasi germen efficitur. Nunc ita separantur, ut disiuncta sint, quo nihil potest esse perversius. </p>

<p>Traditur, inquit, ab Epicuro ratio neglegendi doloris. Quae fere omnia appellantur uno ingenii nomine, easque virtutes qui habent, ingeniosi vocantur. Naturales divitias dixit parabiles esse, quod parvo esset natura contenta. Quid autem habent admirationis, cum prope accesseris? Non est ista, inquam, Piso, magna dissensio. Deinde prima illa, quae in congressu solemus: Quid tu, inquit, huc? Ita fit cum gravior, tum etiam splendidior oratio. Sed quoniam et advesperascit et mihi ad villam revertendum est, nunc quidem hactenus; Ut in geometria, prima si dederis, danda sunt omnia. Post enim Chrysippum eum non sane est disputatum. </p>

<p>Mene ergo et Triarium dignos existimas, apud quos turpiter loquare? Cur, nisi quod turpis oratio est? Portenta haec esse dicit, neque ea ratione ullo modo posse vivi; Teneo, inquit, finem illi videri nihil dolere. De vacuitate doloris eadem sententia erit. Cum ageremus, inquit, vitae beatum et eundem supremum diem, scribebamus haec. Sed fac ista esse non inportuna; Claudii libidini, qui tum erat summo ne imperio, dederetur. Nam quibus rebus efficiuntur voluptates, eae non sunt in potestate sapientis. </p>

"
 },
 {
 "title":"test1",
 "category":"Restaurant",
 "latitude":38.793266,
 "longitude":-122.39233,
 "meta-data":"<p>Lorem ipsum dolor sit amet, consectetur adipiscing elit. ALIO MODO. At ille non pertimuit saneque fidenter: Istis quidem ipsis verbis, inquit; Quod quidem nobis non saepe contingit. Res enim se praeclare habebat, et quidem in utraque parte. Quia nec honesto quic quam honestius nec turpi turpius. </p>

<p>Ita ne hoc quidem modo paria peccata sunt. Quod autem principium officii quaerunt, melius quam Pyrrho; Qui convenit? Itaque ab his ordiamur. At iam decimum annum in spelunca iacet. Sed eum qui audiebant, quoad poterant, defendebant sententiam suam. Polycratem Samium felicem appellabant. Deprehensus omnem poenam contemnet. Piso igitur hoc modo, vir optimus tuique, ut scis, amantissimus. Quorum altera prosunt, nocent altera. Qualem igitur hominem natura inchoavit? </p>

<p>Vide ne ista sint Manliana vestra aut maiora etiam, si imperes quod facere non possim. Idemne potest esse dies saepius, qui semel fuit? Haec dicuntur fortasse ieiunius; Duo Reges: constructio interrete. Ne amores quidem sanctos a sapiente alienos esse arbitrantur. Summum ením bonum exposuit vacuitatem doloris; Si enim ad populum me vocas, eum. Summum a vobis bonum voluptas dicitur. Sunt enim prima elementa naturae, quibus auctis vírtutis quasi germen efficitur. Nunc ita separantur, ut disiuncta sint, quo nihil potest esse perversius. </p>

<p>Traditur, inquit, ab Epicuro ratio neglegendi doloris. Quae fere omnia appellantur uno ingenii nomine, easque virtutes qui habent, ingeniosi vocantur. Naturales divitias dixit parabiles esse, quod parvo esset natura contenta. Quid autem habent admirationis, cum prope accesseris? Non est ista, inquam, Piso, magna dissensio. Deinde prima illa, quae in congressu solemus: Quid tu, inquit, huc? Ita fit cum gravior, tum etiam splendidior oratio. Sed quoniam et advesperascit et mihi ad villam revertendum est, nunc quidem hactenus; Ut in geometria, prima si dederis, danda sunt omnia. Post enim Chrysippum eum non sane est disputatum. </p>

<p>Mene ergo et Triarium dignos existimas, apud quos turpiter loquare? Cur, nisi quod turpis oratio est? Portenta haec esse dicit, neque ea ratione ullo modo posse vivi; Teneo, inquit, finem illi videri nihil dolere. De vacuitate doloris eadem sententia erit. Cum ageremus, inquit, vitae beatum et eundem supremum diem, scribebamus haec. Sed fac ista esse non inportuna; Claudii libidini, qui tum erat summo ne imperio, dederetur. Nam quibus rebus efficiuntur voluptates, eae non sunt in potestate sapientis. </p>

"
 },
 {
 "title":"test1",
 "category":"Store",
 "latitude":38.778854,
 "longitude":-122.424146,
 "meta-data":"<p>Lorem ipsum dolor sit amet, consectetur adipiscing elit. ALIO MODO. At ille non pertimuit saneque fidenter: Istis quidem ipsis verbis, inquit; Quod quidem nobis non saepe contingit. Res enim se praeclare habebat, et quidem in utraque parte. Quia nec honesto quic quam honestius nec turpi turpius. </p>

<p>Ita ne hoc quidem modo paria peccata sunt. Quod autem principium officii quaerunt, melius quam Pyrrho; Qui convenit? Itaque ab his ordiamur. At iam decimum annum in spelunca iacet. Sed eum qui audiebant, quoad poterant, defendebant sententiam suam. Polycratem Samium felicem appellabant. Deprehensus omnem poenam contemnet. Piso igitur hoc modo, vir optimus tuique, ut scis, amantissimus. Quorum altera prosunt, nocent altera. Qualem igitur hominem natura inchoavit? </p>

<p>Vide ne ista sint Manliana vestra aut maiora etiam, si imperes quod facere non possim. Idemne potest esse dies saepius, qui semel fuit? Haec dicuntur fortasse ieiunius; Duo Reges: constructio interrete. Ne amores quidem sanctos a sapiente alienos esse arbitrantur. Summum ením bonum exposuit vacuitatem doloris; Si enim ad populum me vocas, eum. Summum a vobis bonum voluptas dicitur. Sunt enim prima elementa naturae, quibus auctis vírtutis quasi germen efficitur. Nunc ita separantur, ut disiuncta sint, quo nihil potest esse perversius. </p>

<p>Traditur, inquit, ab Epicuro ratio neglegendi doloris. Quae fere omnia appellantur uno ingenii nomine, easque virtutes qui habent, ingeniosi vocantur. Naturales divitias dixit parabiles esse, quod parvo esset natura contenta. Quid autem habent admirationis, cum prope accesseris? Non est ista, inquam, Piso, magna dissensio. Deinde prima illa, quae in congressu solemus: Quid tu, inquit, huc? Ita fit cum gravior, tum etiam splendidior oratio. Sed quoniam et advesperascit et mihi ad villam revertendum est, nunc quidem hactenus; Ut in geometria, prima si dederis, danda sunt omnia. Post enim Chrysippum eum non sane est disputatum. </p>

<p>Mene ergo et Triarium dignos existimas, apud quos turpiter loquare? Cur, nisi quod turpis oratio est? Portenta haec esse dicit, neque ea ratione ullo modo posse vivi; Teneo, inquit, finem illi videri nihil dolere. De vacuitate doloris eadem sententia erit. Cum ageremus, inquit, vitae beatum et eundem supremum diem, scribebamus haec. Sed fac ista esse non inportuna; Claudii libidini, qui tum erat summo ne imperio, dederetur. Nam quibus rebus efficiuntur voluptates, eae non sunt in potestate sapientis. </p>

"
 },
 {
 "title":"test1",
 "category":"Landmark",
 "latitude":38.818154,
 "longitude":-122.47859,
 "meta-data":"<p>Lorem ipsum dolor sit amet, consectetur adipiscing elit. ALIO MODO. At ille non pertimuit saneque fidenter: Istis quidem ipsis verbis, inquit; Quod quidem nobis non saepe contingit. Res enim se praeclare habebat, et quidem in utraque parte. Quia nec honesto quic quam honestius nec turpi turpius. </p>

<p>Ita ne hoc quidem modo paria peccata sunt. Quod autem principium officii quaerunt, melius quam Pyrrho; Qui convenit? Itaque ab his ordiamur. At iam decimum annum in spelunca iacet. Sed eum qui audiebant, quoad poterant, defendebant sententiam suam. Polycratem Samium felicem appellabant. Deprehensus omnem poenam contemnet. Piso igitur hoc modo, vir optimus tuique, ut scis, amantissimus. Quorum altera prosunt, nocent altera. Qualem igitur hominem natura inchoavit? </p>

<p>Vide ne ista sint Manliana vestra aut maiora etiam, si imperes quod facere non possim. Idemne potest esse dies saepius, qui semel fuit? Haec dicuntur fortasse ieiunius; Duo Reges: constructio interrete. Ne amores quidem sanctos a sapiente alienos esse arbitrantur. Summum ením bonum exposuit vacuitatem doloris; Si enim ad populum me vocas, eum. Summum a vobis bonum voluptas dicitur. Sunt enim prima elementa naturae, quibus auctis vírtutis quasi germen efficitur. Nunc ita separantur, ut disiuncta sint, quo nihil potest esse perversius. </p>

<p>Traditur, inquit, ab Epicuro ratio neglegendi doloris. Quae fere omnia appellantur uno ingenii nomine, easque virtutes qui habent, ingeniosi vocantur. Naturales divitias dixit parabiles esse, quod parvo esset natura contenta. Quid autem habent admirationis, cum prope accesseris? Non est ista, inquam, Piso, magna dissensio. Deinde prima illa, quae in congressu solemus: Quid tu, inquit, huc? Ita fit cum gravior, tum etiam splendidior oratio. Sed quoniam et advesperascit et mihi ad villam revertendum est, nunc quidem hactenus; Ut in geometria, prima si dederis, danda sunt omnia. Post enim Chrysippum eum non sane est disputatum. </p>

<p>Mene ergo et Triarium dignos existimas, apud quos turpiter loquare? Cur, nisi quod turpis oratio est? Portenta haec esse dicit, neque ea ratione ullo modo posse vivi; Teneo, inquit, finem illi videri nihil dolere. De vacuitate doloris eadem sententia erit. Cum ageremus, inquit, vitae beatum et eundem supremum diem, scribebamus haec. Sed fac ista esse non inportuna; Claudii libidini, qui tum erat summo ne imperio, dederetur. Nam quibus rebus efficiuntur voluptates, eae non sunt in potestate sapientis. </p>

"
 },
 {
  "title":"test1",
  "category":"Restaurant",
  "latitude":39.775,
  "longitude":-122.429,
  "meta-data":"<p>Lorem ipsum dolor sit amet, consectetur adipiscing elit. ALIO MODO. At ille non pertimuit saneque fidenter: Istis quidem ipsis verbis, inquit; Quod quidem nobis non saepe contingit. Res enim se praeclare habebat, et quidem in utraque parte. Quia nec honesto quic quam honestius nec turpi turpius. </p>

<p>Ita ne hoc quidem modo paria peccata sunt. Quod autem principium officii quaerunt, melius quam Pyrrho; Qui convenit? Itaque ab his ordiamur. At iam decimum annum in spelunca iacet. Sed eum qui audiebant, quoad poterant, defendebant sententiam suam. Polycratem Samium felicem appellabant. Deprehensus omnem poenam contemnet. Piso igitur hoc modo, vir optimus tuique, ut scis, amantissimus. Quorum altera prosunt, nocent altera. Qualem igitur hominem natura inchoavit? </p>

<p>Vide ne ista sint Manliana vestra aut maiora etiam, si imperes quod facere non possim. Idemne potest esse dies saepius, qui semel fuit? Haec dicuntur fortasse ieiunius; Duo Reges: constructio interrete. Ne amores quidem sanctos a sapiente alienos esse arbitrantur. Summum ením bonum exposuit vacuitatem doloris; Si enim ad populum me vocas, eum. Summum a vobis bonum voluptas dicitur. Sunt enim prima elementa naturae, quibus auctis vírtutis quasi germen efficitur. Nunc ita separantur, ut disiuncta sint, quo nihil potest esse perversius. </p>

<p>Traditur, inquit, ab Epicuro ratio neglegendi doloris. Quae fere omnia appellantur uno ingenii nomine, easque virtutes qui habent, ingeniosi vocantur. Naturales divitias dixit parabiles esse, quod parvo esset natura contenta. Quid autem habent admirationis, cum prope accesseris? Non est ista, inquam, Piso, magna dissensio. Deinde prima illa, quae in congressu solemus: Quid tu, inquit, huc? Ita fit cum gravior, tum etiam splendidior oratio. Sed quoniam et advesperascit et mihi ad villam revertendum est, nunc quidem hactenus; Ut in geometria, prima si dederis, danda sunt omnia. Post enim Chrysippum eum non sane est disputatum. </p>

<p>Mene ergo et Triarium dignos existimas, apud quos turpiter loquare? Cur, nisi quod turpis oratio est? Portenta haec esse dicit, neque ea ratione ullo modo posse vivi; Teneo, inquit, finem illi videri nihil dolere. De vacuitate doloris eadem sententia erit. Cum ageremus, inquit, vitae beatum et eundem supremum diem, scribebamus haec. Sed fac ista esse non inportuna; Claudii libidini, qui tum erat summo ne imperio, dederetur. Nam quibus rebus efficiuntur voluptates, eae non sunt in potestate sapientis. </p>

"
 },
 {
 "title":"test1",
 "category":"Restaurant",
 "latitude":39.793266,
 "longitude":-122.39233,
 "meta-data":"<p>Lorem ipsum dolor sit amet, consectetur adipiscing elit. ALIO MODO. At ille non pertimuit saneque fidenter: Istis quidem ipsis verbis, inquit; Quod quidem nobis non saepe contingit. Res enim se praeclare habebat, et quidem in utraque parte. Quia nec honesto quic quam honestius nec turpi turpius. </p>

<p>Ita ne hoc quidem modo paria peccata sunt. Quod autem principium officii quaerunt, melius quam Pyrrho; Qui convenit? Itaque ab his ordiamur. At iam decimum annum in spelunca iacet. Sed eum qui audiebant, quoad poterant, defendebant sententiam suam. Polycratem Samium felicem appellabant. Deprehensus omnem poenam contemnet. Piso igitur hoc modo, vir optimus tuique, ut scis, amantissimus. Quorum altera prosunt, nocent altera. Qualem igitur hominem natura inchoavit? </p>

<p>Vide ne ista sint Manliana vestra aut maiora etiam, si imperes quod facere non possim. Idemne potest esse dies saepius, qui semel fuit? Haec dicuntur fortasse ieiunius; Duo Reges: constructio interrete. Ne amores quidem sanctos a sapiente alienos esse arbitrantur. Summum ením bonum exposuit vacuitatem doloris; Si enim ad populum me vocas, eum. Summum a vobis bonum voluptas dicitur. Sunt enim prima elementa naturae, quibus auctis vírtutis quasi germen efficitur. Nunc ita separantur, ut disiuncta sint, quo nihil potest esse perversius. </p>

<p>Traditur, inquit, ab Epicuro ratio neglegendi doloris. Quae fere omnia appellantur uno ingenii nomine, easque virtutes qui habent, ingeniosi vocantur. Naturales divitias dixit parabiles esse, quod parvo esset natura contenta. Quid autem habent admirationis, cum prope accesseris? Non est ista, inquam, Piso, magna dissensio. Deinde prima illa, quae in congressu solemus: Quid tu, inquit, huc? Ita fit cum gravior, tum etiam splendidior oratio. Sed quoniam et advesperascit et mihi ad villam revertendum est, nunc quidem hactenus; Ut in geometria, prima si dederis, danda sunt omnia. Post enim Chrysippum eum non sane est disputatum. </p>

<p>Mene ergo et Triarium dignos existimas, apud quos turpiter loquare? Cur, nisi quod turpis oratio est? Portenta haec esse dicit, neque ea ratione ullo modo posse vivi; Teneo, inquit, finem illi videri nihil dolere. De vacuitate doloris eadem sententia erit. Cum ageremus, inquit, vitae beatum et eundem supremum diem, scribebamus haec. Sed fac ista esse non inportuna; Claudii libidini, qui tum erat summo ne imperio, dederetur. Nam quibus rebus efficiuntur voluptates, eae non sunt in potestate sapientis. </p>

"
 },
 {
 "title":"test1",
 "category":"Store",
 "latitude":39.778854,
 "longitude":-122.424146,
 "meta-data":"<p>Lorem ipsum dolor sit amet, consectetur adipiscing elit. ALIO MODO. At ille non pertimuit saneque fidenter: Istis quidem ipsis verbis, inquit; Quod quidem nobis non saepe contingit. Res enim se praeclare habebat, et quidem in utraque parte. Quia nec honesto quic quam honestius nec turpi turpius. </p>

<p>Ita ne hoc quidem modo paria peccata sunt. Quod autem principium officii quaerunt, melius quam Pyrrho; Qui convenit? Itaque ab his ordiamur. At iam decimum annum in spelunca iacet. Sed eum qui audiebant, quoad poterant, defendebant sententiam suam. Polycratem Samium felicem appellabant. Deprehensus omnem poenam contemnet. Piso igitur hoc modo, vir optimus tuique, ut scis, amantissimus. Quorum altera prosunt, nocent altera. Qualem igitur hominem natura inchoavit? </p>

<p>Vide ne ista sint Manliana vestra aut maiora etiam, si imperes quod facere non possim. Idemne potest esse dies saepius, qui semel fuit? Haec dicuntur fortasse ieiunius; Duo Reges: constructio interrete. Ne amores quidem sanctos a sapiente alienos esse arbitrantur. Summum ením bonum exposuit vacuitatem doloris; Si enim ad populum me vocas, eum. Summum a vobis bonum voluptas dicitur. Sunt enim prima elementa naturae, quibus auctis vírtutis quasi germen efficitur. Nunc ita separantur, ut disiuncta sint, quo nihil potest esse perversius. </p>

<p>Traditur, inquit, ab Epicuro ratio neglegendi doloris. Quae fere omnia appellantur uno ingenii nomine, easque virtutes qui habent, ingeniosi vocantur. Naturales divitias dixit parabiles esse, quod parvo esset natura contenta. Quid autem habent admirationis, cum prope accesseris? Non est ista, inquam, Piso, magna dissensio. Deinde prima illa, quae in congressu solemus: Quid tu, inquit, huc? Ita fit cum gravior, tum etiam splendidior oratio. Sed quoniam et advesperascit et mihi ad villam revertendum est, nunc quidem hactenus; Ut in geometria, prima si dederis, danda sunt omnia. Post enim Chrysippum eum non sane est disputatum. </p>

<p>Mene ergo et Triarium dignos existimas, apud quos turpiter loquare? Cur, nisi quod turpis oratio est? Portenta haec esse dicit, neque ea ratione ullo modo posse vivi; Teneo, inquit, finem illi videri nihil dolere. De vacuitate doloris eadem sententia erit. Cum ageremus, inquit, vitae beatum et eundem supremum diem, scribebamus haec. Sed fac ista esse non inportuna; Claudii libidini, qui tum erat summo ne imperio, dederetur. Nam quibus rebus efficiuntur voluptates, eae non sunt in potestate sapientis. </p>

"
 },
 {
 "title":"test1",
 "category":"Landmark",
 "latitude":39.818154,
 "longitude":-122.47859,
 "meta-data":"<p>Lorem ipsum dolor sit amet, consectetur adipiscing elit. ALIO MODO. At ille non pertimuit saneque fidenter: Istis quidem ipsis verbis, inquit; Quod quidem nobis non saepe contingit. Res enim se praeclare habebat, et quidem in utraque parte. Quia nec honesto quic quam honestius nec turpi turpius. </p>

<p>Ita ne hoc quidem modo paria peccata sunt. Quod autem principium officii quaerunt, melius quam Pyrrho; Qui convenit? Itaque ab his ordiamur. At iam decimum annum in spelunca iacet. Sed eum qui audiebant, quoad poterant, defendebant sententiam suam. Polycratem Samium felicem appellabant. Deprehensus omnem poenam contemnet. Piso igitur hoc modo, vir optimus tuique, ut scis, amantissimus. Quorum altera prosunt, nocent altera. Qualem igitur hominem natura inchoavit? </p>

<p>Vide ne ista sint Manliana vestra aut maiora etiam, si imperes quod facere non possim. Idemne potest esse dies saepius, qui semel fuit? Haec dicuntur fortasse ieiunius; Duo Reges: constructio interrete. Ne amores quidem sanctos a sapiente alienos esse arbitrantur. Summum ením bonum exposuit vacuitatem doloris; Si enim ad populum me vocas, eum. Summum a vobis bonum voluptas dicitur. Sunt enim prima elementa naturae, quibus auctis vírtutis quasi germen efficitur. Nunc ita separantur, ut disiuncta sint, quo nihil potest esse perversius. </p>

<p>Traditur, inquit, ab Epicuro ratio neglegendi doloris. Quae fere omnia appellantur uno ingenii nomine, easque virtutes qui habent, ingeniosi vocantur. Naturales divitias dixit parabiles esse, quod parvo esset natura contenta. Quid autem habent admirationis, cum prope accesseris? Non est ista, inquam, Piso, magna dissensio. Deinde prima illa, quae in congressu solemus: Quid tu, inquit, huc? Ita fit cum gravior, tum etiam splendidior oratio. Sed quoniam et advesperascit et mihi ad villam revertendum est, nunc quidem hactenus; Ut in geometria, prima si dederis, danda sunt omnia. Post enim Chrysippum eum non sane est disputatum. </p>

<p>Mene ergo et Triarium dignos existimas, apud quos turpiter loquare? Cur, nisi quod turpis oratio est? Portenta haec esse dicit, neque ea ratione ullo modo posse vivi; Teneo, inquit, finem illi videri nihil dolere. De vacuitate doloris eadem sententia erit. Cum ageremus, inquit, vitae beatum et eundem supremum diem, scribebamus haec. Sed fac ista esse non inportuna; Claudii libidini, qui tum erat summo ne imperio, dederetur. Nam quibus rebus efficiuntur voluptates, eae non sunt in potestate sapientis. </p>

"
 }
]